code,name,Philosophical Inquiry and Life's Meanings,Aesthetic Exploration,Historical Consciousness,Scientific Inquiry I,Social Inquiry I,Scientific Inquiry II,Social Inquiry II,Quantitative Reasoning I,Quantitative Reasoning II,The Individual in Community,Global Citizenship and Intercultural Literacy,Ethical Reasoning,First-Year Writing Seminar,"Writing, Research, and Inquiry",Writing-Intensive Course,Oral and/or Signed Communication,Digital/Multimedia Expression,Critical Thinking,Research and Information Literacy,Teamwork/Collaboration,Creativity/Innovation
WED AP 500,Directed Study,0,0,0,0,0,0,0,0,0,0,0,0,0,0,0,0,0,0,0,0,0
WED AP 526,Family & Community Engagement,0,0,0,0,0,0,0,0,0,0,0,0,0,0,0,0,0,0,0,0,0
WED AP 599,Addressing the Achievement Gap: Leading and Learning with New Technologies,0,0,0,0,0,0,0,0,0,0,0,0,0,0,0,0,0,0,0,0,0
WED AP 600,Diversity and Justice in Education,0,0,0,0,0,0,0,0,0,0,0,0,0,0,0,0,0,0,0,0,0
WED AP 601,History and Foundations of Higher Education,0,0,0,0,0,0,0,0,0,0,0,0,0,0,0,0,0,0,0,0,0
WED AP 609,Analyzing the Role of Education Policy in Social Inequality,0,0,0,0,0,0,0,0,0,0,0,0,0,0,0,0,0,0,0,0,0
WED AP 612,Governance and Decision-Making in Higher Education,0,0,0,0,0,0,0,0,0,0,0,0,0,0,0,0,0,0,0,0,0
WED AP 615,Theories of Student Learning & Development in Higher Education,0,0,0,0,0,0,0,0,0,0,0,0,0,0,0,0,0,0,0,0,0
WED AP 619,"Leadership, Values & Ethics in Higher Education",0,0,0,0,0,0,0,0,0,0,0,0,0,0,0,0,0,0,0,0,0
WED AP 620,History of Education,0,0,0,0,0,0,0,0,0,0,0,0,0,0,0,0,0,0,0,0,0
WED AP 622,Student Affairs in Higher Education,0,0,0,0,0,0,0,0,0,0,0,0,0,0,0,0,0,0,0,0,0
WED AP 625,Global Higher Education,0,0,0,0,0,0,0,0,0,0,0,0,0,0,0,0,0,0,0,0,0
WED AP 630,Education and Religion,0,0,0,0,0,0,0,0,0,0,0,0,0,0,0,0,0,0,0,0,0
WED AP 631,Child Policy,0,0,0,0,0,0,0,0,0,0,0,0,0,0,0,0,0,0,0,0,0
WED AP 632,Child & Youth Advocacy,0,0,0,0,0,0,0,0,0,0,0,0,0,0,0,0,0,0,0,0,0
WED AP 635,Public Policy and Research,0,0,0,0,0,0,0,0,0,0,0,0,0,0,0,0,0,0,0,0,0
WED AP 638,Leadership in Schools and Communities,0,0,0,0,0,0,0,0,0,0,0,0,0,0,0,0,0,0,0,0,0
WED AP 640,Educational Freedom: U.S. and International Issues,0,0,0,0,0,0,0,0,0,0,0,0,0,0,0,0,0,0,0,0,0
WED AP 641,Equity and Community Partnerships,0,0,0,0,0,0,0,0,0,0,0,0,0,0,0,0,0,0,0,0,0
WED AP 652,"Accountability in Independent, Charter, and International Schools",0,0,0,0,0,0,0,0,0,0,0,0,0,0,0,0,0,0,0,0,0
WED AP 660,Economics of Education Policy,0,0,0,0,0,0,0,0,0,0,0,0,0,0,0,0,0,0,0,0,0
WED AP 662,Strategic Planning and Implementation,0,0,0,0,0,0,0,0,0,0,0,0,0,0,0,0,0,0,0,0,0
WED AP 663,Project Planning and Leadership,0,0,0,0,0,0,0,0,0,0,0,0,0,0,0,0,0,0,0,0,0
WED AP 664,Advanced Strategic Planning,0,0,0,0,0,0,0,0,0,0,0,0,0,0,0,0,0,0,0,0,0
WED AP 675,Teacher and School Leader Policy in the K-12 Sector,0,0,0,0,0,0,0,0,0,0,0,0,0,0,0,0,0,0,0,0,0
WED AP 680,International Education Policy,0,0,0,0,0,0,0,0,0,0,0,0,0,0,0,0,0,0,0,0,0
WED AP 688,Getting to and Getting through: Enrollment & Student Success in U.S. Higher Education,0,0,0,0,0,0,0,0,0,0,0,0,0,0,0,0,0,0,0,0,0
WED AP 699,Current Issues in Higher Education: Policy and Practice,0,0,0,0,0,0,0,0,0,0,0,0,0,0,0,0,0,0,0,0,0
WED AP 701,Doctoral Colloquium I,0,0,0,0,0,0,0,0,0,0,0,0,0,0,0,0,0,0,0,0,0
WED AP 702,Doctoral Colloquium in Educational Leadership and Development,0,0,0,0,0,0,0,0,0,0,0,0,0,0,0,0,0,0,0,0,0
WED AP 705,"Leadership Seminar: Cultivating a Leadership Disposition: Growth Mindset, Perseverance, and Cultural",0,0,0,0,0,0,0,0,0,0,0,0,0,0,0,0,0,0,0,0,0
WED AP 720,Performance-Based Instructional Leadership,0,0,0,0,0,0,0,0,0,0,0,0,0,0,0,0,0,0,0,0,0
WED AP 730,Innovation in Higher Education,0,0,0,0,0,0,0,0,0,0,0,0,0,0,0,0,0,0,0,0,0
WED AP 750,Educator Evaluation and Supervision,0,0,0,0,0,0,0,0,0,0,0,0,0,0,0,0,0,0,0,0,0
WED AP 751,School Law,0,0,0,0,0,0,0,0,0,0,0,0,0,0,0,0,0,0,0,0,0
WED AP 753,Educational Policy,0,0,0,0,0,0,0,0,0,0,0,0,0,0,0,0,0,0,0,0,0
WED AP 754,Educational Equity and the Law,0,0,0,0,0,0,0,0,0,0,0,0,0,0,0,0,0,0,0,0,0
WED AP 755,Legal Issues in Higher Education,0,0,0,0,0,0,0,0,0,0,0,0,0,0,0,0,0,0,0,0,0
WED AP 757,School Labor Relations and Personnel Management,0,0,0,0,0,0,0,0,0,0,0,0,0,0,0,0,0,0,0,0,0
WED AP 758,"School Governance, Finance, and Operations",0,0,0,0,0,0,0,0,0,0,0,0,0,0,0,0,0,0,0,0,0
WED AP 759,School Improvement Science and Implementation,0,0,0,0,0,0,0,0,0,0,0,0,0,0,0,0,0,0,0,0,0
WED AP 760,Group Problem Solving,0,0,0,0,0,0,0,0,0,0,0,0,0,0,0,0,0,0,0,0,0
WED AP 761,Organizational Analysis,0,0,0,0,0,0,0,0,0,0,0,0,0,0,0,0,0,0,0,0,0
WED AP 762,"Advanced Budgeting, Finance and Labor Relations",0,0,0,0,0,0,0,0,0,0,0,0,0,0,0,0,0,0,0,0,0
WED AP 763,Community Analysis,0,0,0,0,0,0,0,0,0,0,0,0,0,0,0,0,0,0,0,0,0
WED AP 765,"Education Politics: Local, State, and National",0,0,0,0,0,0,0,0,0,0,0,0,0,0,0,0,0,0,0,0,0
WED AP 771,Advanced Policy Seminar,0,0,0,0,0,0,0,0,0,0,0,0,0,0,0,0,0,0,0,0,0
WED AP 799,Educational Policy Studies Capstone,0,0,0,0,0,0,0,0,0,0,0,0,0,0,0,0,0,0,0,0,0
WED AP 801,Professional Development Seminar,0,0,0,0,0,0,0,0,0,0,0,0,0,0,0,0,0,0,0,0,0
WED AP 802,Practicum/Apprenticeship/Internship: Principals (Pre-K-6),0,0,0,0,0,0,0,0,0,0,0,0,0,0,0,0,0,0,0,0,0
WED AP 803,Practicum/Apprenticeship/Internship: Principals (5-8),0,0,0,0,0,0,0,0,0,0,0,0,0,0,0,0,0,0,0,0,0
WED AP 804,Practicum/Apprenticeship/Internship: Principals (9-12),0,0,0,0,0,0,0,0,0,0,0,0,0,0,0,0,0,0,0,0,0
WED AP 805,Practicum/Apprenticeship/Internship: Superintendent/Assistant Superintendent,0,0,0,0,0,0,0,0,0,0,0,0,0,0,0,0,0,0,0,0,0
WED AP 810,Prepracticum/Internship Seminar,0,0,0,0,0,0,0,0,0,0,0,0,0,0,0,0,0,0,0,0,0
WED AP 811,Practicum/Internship Seminar,0,0,0,0,0,0,0,0,0,0,0,0,0,0,0,0,0,0,0,0,0
WED AP 820,Clinical Practice: Principal/Assistant Principal,0,0,0,0,0,0,0,0,0,0,0,0,0,0,0,0,0,0,0,0,0
WED AP 900,Independent Study,0,0,0,0,0,0,0,0,0,0,0,0,0,0,0,0,0,0,0,0,0
WED AP 996,DISSERTATION DEVELOPMENT 1,0,0,0,0,0,0,0,0,0,0,0,0,0,0,0,0,0,0,0,0,0
WED AP 997,DISSERTATION DEVELOPMENT 2,0,0,0,0,0,0,0,0,0,0,0,0,0,0,0,0,0,0,0,0,0
WED AP 998,Proposal Development Seminar,0,0,0,0,0,0,0,0,0,0,0,0,0,0,0,0,0,0,0,0,0
WED AP 999,Dissertation Advisement,0,0,0,0,0,0,0,0,0,0,0,0,0,0,0,0,0,0,0,0,0
WED BI 504,Seminar: The Student-Teaching Experience: Bilingual (ESL) Language,0,0,0,0,0,0,0,0,0,0,0,0,0,0,0,0,0,0,0,0,0
WED BI 515,Methods in Bilingual Education and English as a Second Language (ESL),0,0,0,0,0,0,0,0,0,0,0,0,0,0,0,0,0,0,0,0,0
WED BI 535,Literacy Development for Bilingual Students: Instruction and Assessment,0,0,0,0,0,0,0,0,0,0,0,0,0,0,1,0,0,0,0,1,1
WED BI 570,Educational Issues in Bilingualism,0,0,0,0,0,0,0,0,0,0,0,0,0,0,0,0,0,0,0,0,0
WED BI 620,Educational Issues in Bilingualism,0,0,0,0,0,0,0,0,0,0,0,0,0,0,0,0,0,0,0,0,0
WED CE 306,Introduction to Human Development,0,0,0,0,1,0,0,0,0,0,0,0,0,0,0,0,0,0,1,0,0
WED CE 342,Anti-Oppressive Practice: Education & Applied Psychology,0,0,0,0,0,0,0,0,0,0,0,1,0,0,0,0,0,0,0,1,0
WED CE 500,Introduction to Counseling,0,0,0,0,0,0,0,0,0,0,0,0,0,0,0,0,0,0,0,0,0
WED CE 610,Substance Abuse Issues in Youth Populations,0,0,0,0,0,0,0,0,0,0,0,0,0,0,0,0,0,0,0,0,0
WED CE 630,Applied Positive Psychology,0,0,0,0,0,0,0,0,0,0,0,0,0,0,0,0,0,0,0,0,0
WED CE 635,Counseling Skills and Techniques,0,0,0,0,0,0,0,0,0,0,0,0,0,0,0,0,0,0,0,0,0
WED CE 650,"Counseling and Applied Techniques in Sport, Exercise, and Performance Psychology",0,0,0,0,0,0,0,0,0,0,0,0,0,0,0,0,0,0,0,0,0
WED CE 705,Lifespan Development,0,0,0,0,0,0,0,0,0,0,0,0,0,0,0,0,0,0,0,0,0
WED CE 710,Child and Adolescent Psychopathology,0,0,0,0,0,0,0,0,0,0,0,0,0,0,0,0,0,0,0,0,0
WED CE 715,Evidence Based Practices,0,0,0,0,0,0,0,0,0,0,0,0,0,0,0,0,0,0,0,0,0
WED CE 720,SP&PRF PRAC,0,0,0,0,0,0,0,0,0,0,0,0,0,0,0,0,0,0,0,0,0
WED CE 721,Sport & Performance Psychology Practicum II,0,0,0,0,0,0,0,0,0,0,0,0,0,0,0,0,0,0,0,0,0
WED CE 726,Clinical Assessment: Psychological Testing,0,0,0,0,0,0,0,0,0,0,0,0,0,0,0,0,0,0,0,0,0
WED CE 730,Guiding the College Admission Process,0,0,0,0,0,0,0,0,0,0,0,0,0,0,0,0,0,0,0,0,0
WED CE 735,Issues in School Counseling,0,0,0,0,0,0,0,0,0,0,0,0,0,0,0,0,0,0,0,0,0
WED CE 737,"Counseling: Philosophy, Theory, and Practice",0,0,0,0,0,0,0,0,0,0,0,0,0,0,0,0,0,0,0,0,0
WED CE 739,Psychology of Vocational Development,0,0,0,0,0,0,0,0,0,0,0,0,0,0,0,0,0,0,0,0,0
WED CE 740,Ethics and Professional Responsibilities,0,0,0,0,0,0,0,0,0,0,0,0,0,0,0,0,0,0,0,0,0
WED CE 741,Cross-Cultural Perspectives,0,0,0,0,0,0,0,0,0,0,0,0,0,0,0,0,0,0,0,0,0
WED CE 746,Clinical Practice,0,0,0,0,0,0,0,0,0,0,0,0,0,0,0,0,0,0,0,0,0
WED CE 769,Substance Abuse and Treatment,0,0,0,0,0,0,0,0,0,0,0,0,0,0,0,0,0,0,0,0,0
WED CE 801,Cog Affect Bases of Behavior,0,0,0,0,0,0,0,0,0,0,0,0,0,0,0,0,0,0,0,0,0
WED CE 802,Social Bases of Behavior,0,0,0,0,0,0,0,0,0,0,0,0,0,0,0,0,0,0,0,0,0
WED CE 809,History & Systems of Psychology,0,0,0,0,0,0,0,0,0,0,0,0,0,0,0,0,0,0,0,0,0
WED CE 812,Counseling Psychology in Context: Socially Engaged and Critical Practice,0,0,0,0,0,0,0,0,0,0,0,0,0,0,0,0,0,0,0,0,0
WED CE 815,Human Neuropsychology,0,0,0,0,0,0,0,0,0,0,0,0,0,0,0,0,0,0,0,0,0
WED CE 826,Intellectual and Behavioral Assessment (Child),0,0,0,0,0,0,0,0,0,0,0,0,0,0,0,0,0,0,0,0,0
WED CE 831,Advanced Sport Practice,0,0,0,0,0,0,0,0,0,0,0,0,0,0,0,0,0,0,0,0,0
WED CE 840,Psychodynamics of Marriage and Family,0,0,0,0,0,0,0,0,0,0,0,0,0,0,0,0,0,0,0,0,0
WED CE 846,Clinical Practicum,0,0,0,0,0,0,0,0,0,0,0,0,0,0,0,0,0,0,0,0,0
WED CE 847,Theories of Group Counseling,0,0,0,0,0,0,0,0,0,0,0,0,0,0,0,0,0,0,0,0,0
WED CE 848,Proseminar on Effective Interventions (Child),0,0,0,0,0,0,0,0,0,0,0,0,0,0,0,0,0,0,0,0,0
WED CE 849,Proseminar on Effective Interventions (Adults),0,0,0,0,0,0,0,0,0,0,0,0,0,0,0,0,0,0,0,0,0
WED CE 850,Proseminar on Counseling and Psychotherapy Supervision and Consultation,0,0,0,0,0,0,0,0,0,0,0,0,0,0,0,0,0,0,0,0,0
WED CE 851,Proseminar on Vocational Psychology,0,0,0,0,0,0,0,0,0,0,0,0,0,0,0,0,0,0,0,0,0
WED CE 852,Prevention in Counseling Psychology,0,0,0,0,0,0,0,0,0,0,0,0,0,0,0,0,0,0,0,0,0
WED CE 853,Proseminar on Counseling Health Psychology,0,0,0,0,0,0,0,0,0,0,0,0,0,0,0,0,0,0,0,0,0
WED CE 854,Proseminar on Advanced Research in Counseling Psychology,0,0,0,0,0,0,0,0,0,0,0,0,0,0,0,0,0,0,0,0,0
WED CE 860,Social Identity Development Across Contexts,0,0,0,0,0,0,0,0,0,0,0,0,0,0,0,0,0,0,0,0,0
WED CE 926,Advanced Clinical Child Assessment Practicum,0,0,0,0,0,0,0,0,0,0,0,0,0,0,0,0,0,0,0,0,0
WED CE 946,Advanced Clinical Practicum,0,0,0,0,0,0,0,0,0,0,0,0,0,0,0,0,0,0,0,0,0
WED CE 947,Externship Practicum Placement,0,0,0,0,0,0,0,0,0,0,0,0,0,0,0,0,0,0,0,0,0
WED CE 948,Practicum in Supervision in Counseling,0,0,0,0,0,0,0,0,0,0,0,0,0,0,0,0,0,0,0,0,0
WED CE 949,APPIC Internship in Counseling Psychology,0,0,0,0,0,0,0,0,0,0,0,0,0,0,0,0,0,0,0,0,0
WED CF 510,Child and Adolescent Mental Health,0,0,0,0,0,0,0,0,0,0,1,0,0,0,0,0,0,0,0,0,0
WED CF 617,Bereavement Care,0,0,0,0,0,0,0,0,0,0,0,0,0,0,0,0,0,0,0,0,0
WED CF 737,Working with Parents,0,0,0,0,0,0,0,0,0,0,0,0,0,0,0,0,0,0,0,0,0
WED CH 515,"Teaching Inclusive Language Arts, Science, and Social Studies with Pre-Practicum",0,0,0,0,0,0,0,0,0,0,0,0,0,0,0,0,0,0,0,0,0
WED CH 516,METH ER CH K-3,0,0,0,0,0,0,0,0,0,0,0,0,0,0,0,0,0,0,0,0,0
WED CH 517,ELEM SCI METHOD,0,0,0,0,0,0,0,0,0,0,0,0,0,0,0,0,0,0,0,0,0
WED CH 518,ELEM SOC METHOD,0,0,0,0,0,0,0,0,0,0,0,0,0,0,0,0,0,0,0,0,0
WED CH 655,Student-Teaching Practicum: Elementary 1-6,0,0,0,0,0,0,0,0,0,0,0,0,0,0,0,0,0,0,0,0,0
WED CH 656,ST TCH EL LAB,0,0,0,0,0,0,0,0,0,0,0,0,0,0,0,0,0,0,0,0,0
WED CL 210,Child and Family Health Systems,0,0,0,0,0,0,0,0,0,0,0,0,0,0,0,0,0,0,0,0,0
WED CL 520,Child Development and Family in Healthcare,0,0,0,0,0,0,0,0,0,0,0,0,0,0,0,0,0,0,0,0,0
WED CL 521,Methods and Materials in Child Life,0,0,0,0,0,0,0,0,0,0,0,0,0,0,0,0,0,0,0,0,0
WED CL 522,Clinical Issues in Child Development and Child Life,0,0,0,0,0,0,0,0,0,0,0,0,0,0,0,0,0,0,0,0,0
WED CL 523,Clinical Internship and Seminar I (400 hr),0,0,0,0,0,0,0,0,0,0,0,0,0,0,0,0,0,0,0,0,0
WED CL 620,Child Life Program Development,0,0,0,0,0,0,0,0,0,0,0,0,0,0,0,0,0,0,0,0,0
WED CL 621,Clinical Internship and Seminar II (200 hr),0,0,0,0,0,0,0,0,0,0,0,0,0,0,0,0,0,0,0,0,0
WED CL 900,INDEPENDENT STD,0,0,0,0,0,0,0,0,0,0,0,0,0,0,0,0,0,0,0,0,0
WED CT 500,Directed Study,0,0,0,0,0,0,0,0,0,0,0,0,0,0,0,0,0,0,0,0,0
WED CT 526,Family & Community Engagement for Teachers,0,0,0,0,0,0,0,0,0,0,0,0,0,0,0,0,0,0,0,0,0
WED CT 534,A Practical Approach to Classroom Management,0,0,0,0,0,0,0,0,0,0,0,0,0,0,0,0,0,0,0,0,0
WED CT 556,Classroom Assessment,0,0,0,0,0,0,0,0,0,0,0,0,0,0,0,0,0,0,0,0,0
WED CT 721,Analysis and Design of Curriculum,0,0,0,0,0,0,0,0,0,0,0,0,0,0,0,0,0,0,0,0,0
WED CT 750,Basic Principles of Curriculum and Teaching,0,0,0,0,0,0,0,0,0,0,0,0,0,0,0,0,0,0,0,0,0
WED CT 799,Master's Thesis in Curriculum and Teaching,0,0,0,0,0,0,0,0,0,0,0,0,0,0,0,0,0,0,0,0,0
WED CT 801,Practicum/Practicum Equivalent: Supervisor/Director,0,0,0,0,0,0,0,0,0,0,0,0,0,0,0,0,0,0,0,0,0
WED CT 802,Field Experience in Curriculum and Teaching,0,0,0,0,0,0,0,0,0,0,0,0,0,0,0,0,0,0,0,0,0
WED CT 900,Independent Study,0,0,0,0,0,0,0,0,0,0,0,0,0,0,0,0,0,0,0,0,0
WED CT 999,Dissertation Advisement,0,0,0,0,0,0,0,0,0,0,0,0,0,0,0,0,0,0,0,0,0
WED DC 900,Independent Study,0,0,0,0,0,0,0,0,0,0,0,0,0,0,0,0,0,0,0,0,0
WED DE 300,Introduction to the Deaf World,0,0,0,0,0,0,0,0,0,1,1,0,0,0,0,0,0,0,0,1,0
WED DE 340,"Dynamics of Diversity, Oppression, and Social Justice within Deaf Communities",0,0,0,0,1,0,0,0,0,0,0,1,0,0,0,0,0,1,0,0,0
WED DE 350,Deaf History and Culture,0,0,0,0,0,0,0,0,0,1,1,0,0,0,0,0,0,0,0,1,0
WED DE 351,Deaf Literature and Visual Arts,0,1,0,0,0,0,0,0,0,0,0,0,0,0,0,0,1,0,0,0,1
WED DE 352,Capstone - Deaf Studies,0,0,0,0,0,0,0,0,0,0,0,0,0,0,0,0,0,0,0,0,0
WED DE 354,Field Experience: Deaf Studies,0,0,0,0,0,0,0,0,0,0,0,0,0,0,0,0,0,0,0,0,0
WED DE 372,Social Psychology and the Deaf World,1,0,0,0,1,0,0,0,0,0,0,0,0,0,0,0,0,0,0,0,0
WED DE 381,American Sign Language 1,0,0,0,0,0,0,0,0,0,0,0,0,0,0,0,0,0,0,0,0,0
WED DE 382,American Sign Language 2,0,0,0,0,0,0,0,0,0,1,0,0,0,0,0,1,0,0,0,0,0
WED DE 383,American Sign Language 3,0,0,0,0,0,0,0,0,0,0,0,0,0,0,0,0,0,0,0,0,0
WED DE 384,American Sign Language 4,0,0,0,0,0,0,0,0,0,1,0,0,0,0,0,1,0,0,0,0,0
WED DE 385,Applied ASL,0,0,0,0,0,0,0,0,0,0,0,0,0,0,0,0,0,0,0,0,0
WED DE 386,Academic ASL,0,0,0,0,0,0,0,0,0,0,0,0,0,0,0,0,0,0,0,0,0
WED DE 472,Sign Language Structure,0,0,0,1,0,0,0,0,0,0,0,0,0,0,0,0,0,0,1,0,0
WED DE 500,Introduction to the Deaf-World,0,0,0,0,0,0,0,0,0,0,0,0,0,0,0,0,0,0,0,0,0
WED DE 501,Professional Seminar in Deaf Education,0,0,0,0,0,0,0,0,0,0,0,0,0,0,0,0,0,0,0,0,0
WED DE 503,ASL/English Instructional Methods: Content Areas,0,0,0,0,0,0,0,0,0,0,0,0,0,0,0,0,0,0,0,0,0
WED DE 504,ASL/English Literacy Instruction,0,0,0,0,0,0,0,0,0,0,0,0,0,0,0,0,0,0,0,0,0
WED DE 505,"Topics in Speech, Language, and Hearing for Deaf Educators",0,0,0,0,0,0,0,0,0,0,0,0,0,0,0,0,0,0,0,0,0
WED DE 506,Teaching and Creating ASL Literature,0,0,0,0,0,0,0,0,0,0,0,0,0,0,0,0,0,0,0,0,0
WED DE 507,"Dynamics of Diversity, Oppression, and Social Justice within Deaf Communities",0,0,0,0,0,0,0,0,0,0,0,0,0,0,0,0,0,0,0,0,0
WED DE 531,Early Language and Social Learning in Deaf Children,0,0,0,0,0,0,0,0,0,0,0,0,0,0,0,0,0,0,0,0,0
WED DE 532,Disability Studies and Deaf Education,0,0,0,0,0,0,0,0,0,0,0,0,0,0,0,0,0,0,0,0,0
WED DE 533,Social Psychology and the Deaf World,0,0,0,0,0,0,0,0,0,0,0,0,0,0,0,0,0,0,0,0,0
WED DE 534,Sign Language Structure,0,0,0,1,0,0,0,0,0,0,0,0,0,0,0,0,0,0,1,0,0
WED DE 535,Teaching ASL as a First Language,0,0,0,0,0,0,0,0,0,0,0,0,0,0,0,0,0,0,0,0,0
WED DE 550,History and Culture of the Deaf,0,0,0,0,0,0,0,0,0,0,0,0,0,0,0,0,0,0,0,0,0
WED DE 552,Seminar: Selected Topics in Deaf Studies,0,0,0,0,0,0,0,0,0,0,0,0,0,0,0,0,0,0,0,0,0
WED DE 553,Introduction to Counseling Deaf Individuals,0,0,0,0,0,0,0,0,0,0,0,0,0,0,0,0,0,0,0,0,0
WED DE 554,Field Experience: Deaf Studies,0,0,0,0,0,0,0,0,0,0,0,0,0,0,0,0,0,0,0,0,0
WED DE 561,Pre-Practicum: Initial Strategies,0,0,0,0,0,0,0,0,0,0,0,0,0,0,0,0,0,0,0,0,0
WED DE 562,Practicum: Deaf Students with Disabilities,0,0,0,0,0,0,0,0,0,0,0,0,0,0,0,0,0,0,0,0,0
WED DE 563,Practicum: BRIDGES,0,0,0,0,0,0,0,0,0,0,0,0,0,0,0,0,0,0,0,0,0
WED DE 564,PRAC: DEAF ED,0,0,0,0,0,0,0,0,0,0,0,0,0,0,0,0,0,0,0,0,0
WED DE 581,American Sign Language 1,0,0,0,0,0,0,0,0,0,0,0,0,0,0,0,0,0,0,0,0,0
WED DE 582,American Sign Language 2,0,0,0,0,0,0,0,0,0,1,0,0,0,0,0,1,0,0,0,0,0
WED DE 583,American Sign Language III,0,0,0,0,0,0,0,0,0,0,0,0,0,0,0,0,0,0,0,0,0
WED DE 584,American Sign Language IV,0,0,0,0,0,0,0,0,0,0,0,0,0,0,0,0,0,0,0,0,0
WED DE 585,Applied ASL,0,0,0,0,0,0,0,0,0,0,0,0,0,0,0,0,0,0,0,0,0
WED DE 586,Academic ASL,0,0,0,0,0,0,0,0,0,0,0,0,0,0,0,0,0,0,0,0,0
WED DS 502,Introduction to Adolescent Development,0,0,0,0,1,0,0,0,0,0,0,0,0,0,0,0,0,0,0,0,0
WED DS 600,"Culture, Ethnicity and Race: A developmental approach",0,0,0,0,0,0,0,0,0,0,0,0,0,0,0,0,0,0,0,0,0
WED DS 700,"Advanced Seminar in Sport, Exercise, and Performance Psychology",0,0,0,0,0,0,0,0,0,0,0,0,0,0,0,0,0,0,0,0,0
WED EC 350,Introduction to Early Childhood Education,0,0,0,0,0,0,0,0,0,1,0,0,0,0,0,1,0,0,0,1,0
WED EC 506,Current Issues & Early Childhood Education,0,0,0,0,0,0,0,0,0,0,0,0,0,0,0,0,0,0,0,0,0
WED EC 507,Role of Play in Early Child Education,0,0,0,0,0,0,0,0,0,0,0,0,0,0,0,0,0,0,0,0,0
WED EC 512,Early Childhood Prek/K Fieldwork,0,0,0,0,0,0,0,0,0,0,0,0,0,0,0,0,0,0,0,0,0
WED EC 513,"Prek/K Seminar: Integrating Theory, Practice, and Reflection",0,0,0,0,0,0,0,0,0,0,0,0,0,0,0,0,0,0,0,0,0
WED EC 540,"Early Childhood Integrated Curriculum: Literacy, Social Studies and Arts",0,0,0,0,0,0,0,0,0,0,0,0,0,0,0,0,0,0,0,0,0
WED EC 560,STEM and Inquiry-Based Learning,0,0,0,0,0,0,0,0,0,0,0,0,0,0,0,0,0,0,0,0,0
WED EC 571,Socially and Emotionally Affirming Classrooms,0,0,0,0,0,0,0,0,0,0,0,0,0,0,0,0,0,0,0,0,0
WED EC 605,Topics in Child Development and Education,0,0,0,0,0,0,0,0,0,0,0,0,0,0,0,0,0,0,0,0,0
WED EC 608,Primary Practicum,0,0,0,0,0,0,0,0,0,0,0,0,0,0,0,0,0,0,0,0,0
WED EC 609,Primary Practicum Seminar,0,0,0,0,0,0,0,0,0,0,0,0,0,0,0,0,0,0,0,0,0
WED EC 615,"Field Experience & Seminar in Early Childhood Leadership, Policy, and Advocacy 1",0,0,0,0,0,0,0,0,0,0,0,0,0,0,0,0,0,0,0,0,0
WED EC 616,"Field Experience & Seminar in Early Childhood Leadership, Policy, and Advocacy 2",0,0,0,0,0,0,0,0,0,0,0,0,0,0,0,0,0,0,0,0,0
WED EC 630,Child Development & Families in Societal and Cultural Contexts,0,0,0,0,0,0,0,0,0,0,0,0,0,0,0,0,0,0,0,0,0
WED ED 120,Exploring Professions that Impact Lives,0,0,0,0,0,0,0,0,0,0,0,0,0,0,0,0,0,0,0,0,0
WED ED 121,Exploring Professions Field Seminar,0,0,0,0,0,0,0,0,0,0,0,0,0,0,0,0,0,0,0,0,0
WED ED 130,Exploring Professions that Impact Lives II,0,0,0,0,0,0,0,0,0,0,0,0,0,0,0,0,0,0,0,0,0
WED ED 131,Exploring Professions Field Seminar II,0,0,0,0,0,0,0,0,0,0,0,0,0,0,0,0,0,0,0,0,0
WED ED 140,An Interdisciplinary Approach for Professions in Education and Human Development,0,0,0,0,0,0,0,0,0,0,0,0,0,0,0,0,0,0,0,0,0
WED ED 200,Introduction to Justice-Based Education,1,0,0,0,0,0,0,0,0,1,0,0,0,0,1,0,0,0,0,0,0
WED ED 201,Tutoring Struggling Readers and Writers,0,0,0,0,0,0,0,0,0,0,0,0,0,0,0,0,0,0,0,0,0
WED ED 205,Designing Learning Experiences,0,0,0,0,0,0,0,0,0,0,0,0,0,0,0,0,0,0,0,0,0
WED ED 206,Family & Community Engagement,0,0,0,0,0,0,0,0,0,0,1,1,0,0,0,0,0,0,0,0,0
WED ED 213,Approaches to Learning,0,0,0,0,0,0,0,0,0,0,0,0,0,0,0,0,0,0,0,0,0
WED ED 220,Theme-Based Approaches to Studying Complex Issues of Language in Education and Human Development,0,0,0,0,0,0,0,0,0,0,0,1,0,0,1,0,0,1,0,0,0
WED ED 225,Project Citizen: Promoting Civic Engagement,0,0,0,0,0,0,0,0,0,1,0,0,0,0,0,0,0,0,0,0,0
WED ED 230,Introduction to Design as Educational Inquiry,0,0,0,0,0,0,0,0,0,0,0,0,0,0,0,0,1,0,0,0,1
WED ED 231,Tutoring Readers and Writers,0,0,0,0,0,0,0,0,0,0,0,0,0,0,0,0,0,0,0,0,0
WED ED 245,Theory and Practice of Peer Counseling,0,0,0,0,0,0,0,0,0,0,0,0,0,0,0,1,0,0,0,0,0
WED ED 246,Practicum in Peer Leadership and Mentoring,0,0,0,0,0,0,0,0,0,0,0,0,0,0,0,0,0,0,0,1,0
WED ED 260,Teaching Children's Literature Critically,0,0,0,0,0,0,0,0,0,0,0,0,0,0,0,0,0,0,0,0,1
WED ED 300,Learning as a Cultural Process,0,0,0,0,0,0,0,0,0,0,0,0,0,0,0,0,0,0,0,0,0
WED ED 310,Critical Making/Creative Inquiry,0,0,0,0,0,0,0,0,0,0,0,0,0,0,0,0,0,0,0,0,0
WED ED 315,Gamifying Learning,0,0,0,0,0,0,0,0,0,0,0,0,0,0,0,0,0,0,0,0,0
WED ED 320,Critical Media Literacy,0,0,0,0,0,0,0,0,0,0,0,0,0,0,0,0,0,0,0,0,0
WED ED 350,"Sense-making in Science, Technology, Engineering, and Mathematics",0,0,0,0,0,0,0,0,0,0,0,0,0,0,0,0,0,0,0,0,0
WED ED 413,Practicum 1,0,0,0,0,0,0,0,0,0,0,0,0,0,0,0,0,0,0,0,0,0
WED ED 414,Seminar 1,0,0,0,0,0,0,0,0,0,0,0,0,0,0,0,0,0,0,0,0,0
WED ED 415,Educational Design for Transformative Social Futures Practicum II,0,0,0,0,0,0,0,0,0,0,0,0,0,0,0,0,0,0,0,0,0
WED ED 416,Educational Design for Transformative Social Futures Seminar II,0,0,0,0,0,0,0,0,0,0,0,0,0,0,0,0,0,0,0,0,0
WED ED 417,Practicum III,0,0,0,0,0,0,0,0,0,0,0,0,0,0,0,0,0,0,0,0,0
WED ED 418,Capstone: Designing in Collaboration with Field-Based Sites,0,0,0,0,0,0,0,0,0,0,0,0,0,0,0,0,0,0,0,0,0
WED ED 431,CHILD POLICY: CREATING A SOCIETY WHERE CHILDREN THRIVE,0,0,0,0,0,0,1,0,0,0,0,0,0,0,1,0,0,1,0,0,0
WED ED 470,Field Experience in Early Childhood Education,0,0,0,0,0,0,0,0,0,0,0,0,0,0,0,0,0,0,0,0,0
WED ED 471,Field Experience in Elementary Education,0,0,0,0,0,0,0,0,0,0,0,0,0,0,0,0,0,0,0,0,0
WED ED 472,Field Experience in Special Education,0,0,0,0,0,0,0,0,0,0,0,0,0,0,0,0,0,0,0,0,0
WED ED 473,Field Experience in Social Studies Education,0,0,0,0,0,0,0,0,0,0,0,0,0,0,0,0,0,0,0,0,0
WED ED 474,Field Experience in World Language Education,0,0,0,0,0,0,0,0,0,0,0,0,0,0,0,0,0,0,0,0,0
WED ED 475,Field Experience in English Education,0,0,0,0,0,0,0,0,0,0,0,0,0,0,0,0,0,0,0,0,0
WED ED 476,Field Experience in English as Second Language,0,0,0,0,0,0,0,0,0,0,0,0,0,0,0,0,0,0,0,0,0
WED ED 477,Field Experience in Mathematics Education,0,0,0,0,0,0,0,0,0,0,0,0,0,0,0,0,0,0,0,0,0
WED ED 478,Field Experience in Science Education,0,0,0,0,0,0,0,0,0,0,0,0,0,0,0,0,0,0,0,0,0
WED ED 490,Capstone in Childhood Education,0,0,0,0,0,0,0,0,0,0,0,0,0,0,0,0,0,0,0,0,0
WED ED 491,Capstone in Global Citizenship in Education,0,0,0,0,0,0,0,0,0,0,0,0,0,0,0,0,0,0,0,0,0
WED ED 492,Capstone in STEM Education,0,0,0,0,0,0,0,0,0,0,0,0,0,0,0,0,0,0,0,0,0
WED ED 500,Foundations of Educational Practices,0,0,0,0,0,0,0,0,0,0,0,0,0,0,0,0,0,0,0,0,0
WED ED 503,Professional Teaching Seminar I: Analyzing Foundations of Teaching,0,0,0,0,0,0,0,0,0,0,0,0,0,0,0,0,0,0,0,0,0
WED ED 506,Making Learning Visible: Exploring Multimedia Tools to Document and Deepen Learning,0,0,0,0,0,0,0,0,0,0,0,0,0,0,0,0,1,0,0,0,0
WED ED 507,Global Citizenship in Education,0,0,0,0,0,0,0,0,0,0,0,0,0,0,0,0,0,0,0,0,0
WED ED 530,Fieldwork in Education,0,0,0,0,0,0,0,0,0,0,0,0,0,0,0,0,0,0,0,0,0
WED ED 640,Origins of Inequity,0,0,0,0,0,0,0,0,0,0,0,0,0,0,0,0,0,0,0,0,0
WED ED 679,Equity and Democracy in Action,0,0,0,0,0,0,0,0,0,0,0,0,0,0,0,0,0,0,0,0,0
WED ED 700,Thesis: Equity and Social Justice in Practice,0,0,0,0,0,0,0,0,0,0,0,0,0,0,0,0,0,0,0,0,0
WED ED 800,"Pro-Seminar in Educational Studies: Theories of Teaching, Learning, and Equity",0,0,0,0,0,0,0,0,0,0,0,0,0,0,0,0,0,0,0,0,0
WED ED 801,Pro-Seminar in Educational Studies: Educational Foundations and Systems,0,0,0,0,0,0,0,0,0,0,0,0,0,0,0,0,0,0,0,0,0
WED ED 900,QUALIFYING TASK,0,0,0,0,0,0,0,0,0,0,0,0,0,0,0,0,0,0,0,0,0
WED ED 950,Continuing Study,0,0,0,0,0,0,0,0,0,0,0,0,0,0,0,0,0,0,0,0,0
WED EN 500,Lesson Design & Instruction Delivery in the Humanities,0,0,0,0,0,0,0,0,0,0,0,0,0,0,0,1,0,0,0,0,0
WED EN 501,Teaching Classic and Contemporary Texts,0,0,0,0,0,0,0,0,0,0,0,0,0,0,0,0,0,0,0,0,0
WED EN 507,"Student-Teaching Practicum: English, Grades 5-8",0,0,0,0,0,0,0,0,0,0,0,0,0,0,0,0,0,0,0,0,0
WED EN 508,"Student-Teaching Practicum: English, 8-12",0,0,0,0,0,0,0,0,0,0,0,0,0,0,0,0,0,0,0,0,0
WED EN 512,Methods of Teaching Writing in Secondary English Language Arts,0,0,0,0,0,0,0,0,0,1,0,0,0,0,0,0,0,0,0,0,1
WED EN 520,Pre-Practicum in English Education,0,0,0,0,0,0,0,0,0,0,0,0,0,0,0,0,0,0,0,0,0
WED EN 538,Teaching in American Literature,0,0,0,0,0,0,0,0,0,1,0,0,0,0,0,0,0,0,0,1,0
WED EN 701,Teaching Classic and Contemporary Texts,0,0,0,0,0,0,0,0,0,0,0,0,0,0,0,0,0,0,0,0,0
WED EN 711,"Critical Literacy as a Lens: Exploring Theories, Processes, and Strategies",0,0,0,0,0,0,0,0,0,0,0,0,0,0,0,0,0,0,0,0,0
WED EN 712,Methods of Teaching Writing in Secondary English Language Arts,0,0,0,0,0,0,0,0,0,1,0,0,0,0,0,0,0,0,0,0,1
WED HD 120,Life Design 1: Developing Your Personal Brand,0,0,0,0,0,0,0,0,0,0,0,0,0,0,0,0,0,0,0,0,1
WED HD 121,Launching Your Personal Brand,0,0,0,0,0,0,0,0,0,0,0,0,0,0,0,0,1,0,0,0,0
WED HD 211,Student Motivation,0,0,0,0,1,0,0,0,0,0,0,0,0,0,0,0,0,0,1,0,0
WED HD 224,Emotional Development,0,0,0,0,0,0,0,0,0,0,0,0,0,0,0,0,0,0,0,0,0
WED HD 265,Social Science Research for Community Impact,0,0,0,0,0,0,1,0,0,0,0,0,0,0,0,1,0,0,0,1,0
WED HD 300,Educational Psychology,0,0,0,0,1,0,0,0,0,0,0,0,0,0,0,0,0,0,0,0,0
WED HD 306,Introduction to Human Development,0,0,0,0,1,0,0,0,0,0,0,0,0,0,0,0,0,0,1,0,0
WED HD 327,Asian American Psychology,0,0,0,0,1,0,0,0,0,1,0,0,0,0,0,0,0,0,0,0,0
WED HD 330,Psychology of Race,0,0,0,0,1,0,0,0,0,1,0,0,0,0,0,0,0,0,0,0,0
WED HD 331,African American School Achievement,0,0,0,0,0,0,0,0,0,1,0,1,0,0,0,0,0,0,0,1,0
WED HD 354,Challenging Educational Inequity,0,0,0,0,1,0,0,0,0,0,0,0,0,0,0,0,0,0,1,0,0
WED HD 384,Restorative Justice in Youth-Serving Settings,0,0,0,0,0,0,0,0,0,0,1,0,0,0,0,0,0,0,0,0,0
WED HD 385,Psychological Trauma,0,0,0,0,1,0,0,0,0,0,0,0,0,0,0,0,0,0,0,1,0
WED HD 400,Internship in Applied Human Development,0,0,0,0,0,0,0,0,0,0,0,0,0,0,0,0,0,0,0,0,0
WED HD 410,200-Hour Practicum,0,0,0,0,0,0,0,0,0,0,0,0,0,0,0,0,0,0,0,0,0
WED HD 415,Practicum/Capstone Seminar,0,0,0,0,0,0,0,0,0,0,0,0,0,0,0,0,0,0,0,0,0
WED HD 500,Directed Study,0,0,0,0,0,0,0,0,0,0,0,0,0,0,0,0,0,0,0,0,0
WED HD 510,Positive Youth Development,0,0,0,0,0,0,0,0,0,0,0,0,0,0,0,0,0,0,0,0,0
WED HD 511,Social and Policy Perspective in Positive Youth Development,0,0,0,0,0,0,0,0,0,0,0,0,0,0,0,0,0,0,0,0,0
WED HD 512,Transformational Leadership in Positive Youth Development,0,0,0,0,0,0,0,0,0,0,0,0,0,0,0,0,0,0,0,0,0
WED HD 526,Meaning & Development of Play,0,0,0,0,0,0,0,0,0,0,0,0,0,0,0,0,0,0,0,0,0
WED HD 530,Sport: Imperialism and Liberation,0,0,0,0,0,0,0,0,0,0,0,0,0,0,0,0,0,0,0,0,0
WED HD 600,AHD Practicum,0,0,0,0,0,0,0,0,0,0,0,0,0,0,0,0,0,0,0,0,0
WED HD 610,The Psychology of Oppression and Liberation,0,0,0,0,0,0,0,0,0,0,0,0,0,0,0,0,0,0,0,0,0
WED HE 221,Foundations of Health Education,0,0,0,0,0,0,0,0,0,0,0,0,0,0,0,0,0,0,0,0,0
WED HE 720,Selected Problems in Health Education,0,0,0,0,0,0,0,0,0,0,0,0,0,0,0,0,0,0,0,0,0
WED HE 722,"Curriculum Development for Health, Movement and Wellness",0,0,0,0,0,0,0,0,0,0,0,0,0,0,0,0,0,0,0,0,0
WED LC 500,Directed Study,0,0,0,0,0,0,0,0,0,0,0,0,0,0,0,0,0,0,0,0,0
WED LC 900,Independent Study,0,0,0,0,0,0,0,0,0,0,0,0,0,0,0,0,0,0,0,0,0
WED LC 999,Dissertation Advisement,0,0,0,0,0,0,0,0,0,0,0,0,0,0,0,0,0,0,0,0,0
WED LR 551,"Introduction to Reading Development, Assessment, and Instruction",0,0,0,0,0,0,0,0,0,0,0,0,0,0,0,0,0,0,0,0,0
WED LR 732,Teaching Reading in the Middle and Secondary Schools,0,0,0,0,0,0,0,0,0,0,0,0,0,0,0,0,0,0,0,0,0
WED LR 780,Process of Reading,0,0,0,0,0,0,0,0,0,0,0,0,0,0,0,0,0,0,0,0,0
WED LS 521,Sociolinguistics,0,0,0,0,0,0,0,0,0,0,0,0,0,0,0,0,0,0,0,0,0
WED LS 560,Introduction to Language and Language Acquisition,0,0,0,1,1,0,0,0,0,0,0,0,0,0,0,0,0,1,0,0,0
WED LS 565,Applied Linguistics: Language & Linguistics Survey,0,0,0,0,0,0,0,0,0,0,0,0,0,0,0,0,0,0,0,0,0
WED LS 567,Structure of English,0,0,0,0,0,0,0,0,0,0,0,0,0,0,0,0,0,0,0,0,0
WED LS 595,Child Second Language Acquisitions,0,0,0,0,0,0,0,0,0,0,0,0,0,0,0,0,0,0,0,0,0
WED LS 610,Applied Phonology: Strategies for Improving English Language Learners' Intelligibility,0,0,0,0,0,0,0,0,0,0,0,0,0,0,0,0,0,0,0,0,0
WED LS 626,Inter-Cultural Communication: Theoretical & Methodological Approaches,0,0,0,0,0,0,0,0,0,0,0,0,0,0,0,0,0,0,0,0,0
WED LS 627,Critical Analysis of Children's and Young Adult Literature,0,0,0,0,0,0,0,0,0,0,0,0,0,0,0,0,0,0,0,0,0
WED LS 628,Exploring Picture Books for All Readers,0,0,0,0,0,0,0,0,0,0,0,0,0,0,0,0,0,0,0,0,0
WED LS 640,Critical Applied Linguistics,0,0,0,0,0,0,0,0,0,0,0,0,0,0,0,0,0,0,0,0,0
WED LS 658,Second Language Acquisition,0,0,0,0,0,0,0,0,0,0,0,0,0,0,0,0,0,0,0,0,0
WED LS 670,Multicultural Literature in the Pre-K-Grade 12 Classroom,0,0,0,0,0,0,0,0,0,0,0,0,0,0,0,0,0,0,0,0,0
WED LS 690,Classroom Discourse,0,0,0,0,0,0,0,0,0,0,0,0,0,0,0,0,0,0,0,0,0
WED LS 725,"Discourse, Narrative, and Literacy",0,0,0,0,0,0,0,0,0,0,0,0,0,0,0,0,0,0,0,0,0
WED LS 726,Discourse Analysis: Theoretical and Methodological Approaches,0,0,0,0,0,0,0,0,0,0,0,0,0,0,0,0,0,0,0,0,0
WED LS 727,Topical Seminar in Literacy and Language,0,0,0,0,0,0,0,0,0,0,0,0,0,0,0,0,0,0,0,0,0
WED LS 750,"Culture, Language, and Cognition",0,0,0,0,0,0,0,0,0,0,0,0,0,0,0,0,0,0,0,0,0
WED LS 762,Equitable Literacy Assessment and Instruction: Emergent and Developing Literacies,0,0,0,0,0,0,0,0,0,0,0,0,0,0,0,0,0,0,0,0,0
WED LS 763,Practice-Based Experience in Literacy: Pre-Practicum (Gateway Course),0,0,0,0,0,0,0,0,0,0,0,0,0,0,0,0,0,0,0,0,0
WED LS 764,Introduction to Literacy Leadership: Becoming a Critical Specialized Literacy Professional,0,0,0,0,0,0,0,0,0,0,0,0,0,0,0,0,0,0,0,0,0
WED LS 790,Literary Assessment to Inform Instruction,0,0,0,0,0,0,0,0,0,0,0,0,0,0,0,0,0,0,0,0,0
WED LS 792,"Equitable Literacy Assessment and Instruction: Disciplinary, Digital, and Multiple Literacies",0,0,0,0,0,0,0,0,0,0,0,0,0,0,0,0,0,0,0,0,0
WED LS 793,Practice-Based Experience in Literacy: Practicum,0,0,0,0,0,0,0,0,0,0,0,0,0,0,0,0,0,0,0,0,0
WED LS 801,"Design-Based Research as Educational Inquiry, Part I",0,0,0,0,0,0,0,0,0,0,0,0,0,0,0,0,0,0,0,0,0
WED LS 802,"Design-Based Research as Educational Inquiry, Part II",0,0,0,0,0,0,0,0,0,0,0,0,0,0,0,0,0,0,0,0,0
WED LW 736,"Teaching Writing in Elementary, Middle, and Secondary Schools",0,0,0,0,0,0,0,0,0,0,0,0,0,0,0,0,0,0,0,0,0
WED LW 781,Processes of Writing,0,0,0,0,0,0,0,0,0,0,0,0,0,0,0,0,0,0,0,0,0
WED ME 200,Introduction to Mathematics Education,0,0,0,0,0,0,0,0,0,1,0,0,0,0,0,0,0,0,0,0,0
WED ME 360,Mathematics for Teaching: Algebra,0,0,0,0,0,0,0,0,0,0,0,0,0,0,0,0,0,0,0,0,0
WED ME 363,Problem Solving in Mathematics,0,0,0,0,0,0,0,1,0,0,0,0,0,0,0,1,0,1,0,0,0
WED ME 501,Methods for Tutoring Math Students,0,0,0,0,0,0,0,0,0,0,0,0,0,0,0,0,1,0,0,0,0
WED ME 503,Mathematical Reasoning in the Elementary Grades: Number Systems,0,0,0,0,0,0,0,0,0,0,0,0,0,0,0,0,0,0,0,0,0
WED ME 504,"Mathematical Reasoning in the Elementary Grades: Algebra, Geometry, & Statistics",0,0,0,0,0,0,0,0,0,0,0,0,0,0,0,0,0,0,0,0,0
WED ME 506,Pre-Practicum in Mathematics Education,0,0,0,0,0,0,0,0,0,0,0,0,0,0,0,0,0,0,0,0,0
WED ME 507,"Student-Teaching Practicum: Mathematics, 5-8",0,0,0,0,0,0,0,0,0,0,0,0,0,0,0,0,0,0,0,0,0
WED ME 508,"Student-Teaching Practicum: Mathematics, 8-12",0,0,0,0,0,0,0,0,0,0,0,0,0,0,0,0,0,0,0,0,0
WED ME 525,Assessment in Mathematics,0,0,0,0,0,0,0,0,0,0,0,0,0,0,0,0,0,0,0,0,0
WED ME 526,Advanced Equitable Assessment in Mathematics,0,0,0,0,0,0,0,0,0,0,0,0,0,0,0,0,0,0,0,0,0
WED ME 530,Equitable Pedagogies in STEM Education,0,0,0,0,0,0,0,0,0,0,0,0,0,0,0,0,0,0,0,0,0
WED ME 534,Strategies that Support Equitable Collaborative Learning in Mathematics,0,0,0,0,0,0,0,0,0,0,0,0,0,0,0,0,0,0,0,0,0
WED ME 538,Game-Based Learning in Mathematics,0,0,0,0,0,0,0,0,0,0,0,0,0,0,0,0,0,0,0,0,0
WED ME 545,Methods of Teaching Mathematics: Elementary,0,0,0,0,0,0,0,0,0,0,0,0,0,0,0,0,0,0,0,0,0
WED ME 546,Methods of Teaching Mathematics: Middle School,0,0,0,0,0,0,0,0,0,0,0,0,0,0,0,0,0,0,0,0,0
WED ME 547,Methods of Teaching Mathematics: High School,0,0,0,0,0,0,0,0,0,0,0,0,0,0,0,0,0,0,0,0,0
WED ME 558,"Mathematics Curriculum: Programs, Issues, and Trends",0,0,0,0,0,0,0,0,0,0,0,0,0,0,0,0,0,0,0,0,0
WED ME 559,Mathematics for Teaching: Geometry,0,0,0,0,0,0,0,0,0,0,0,0,0,0,0,0,0,0,0,0,0
WED ME 560,Mathematics for Teaching: Algebra,0,0,0,0,0,0,0,0,0,0,0,0,0,0,0,0,0,0,0,0,0
WED ME 563,Problem Solving in Mathematics,0,0,0,0,0,0,0,1,0,0,0,0,0,0,0,1,0,1,0,0,0
WED ME 565,Mathematics for Teaching: Calculus,0,0,0,0,0,0,0,0,0,0,0,0,0,0,0,0,0,0,0,0,0
WED ME 568,The Design of Mathematics Curriculum,0,0,0,0,0,0,0,0,0,0,0,0,0,0,0,0,0,0,0,0,0
WED ME 589,Designing Professional Development Programs in Mathematics Education,0,0,0,0,0,0,0,0,0,0,0,0,0,0,0,0,0,0,0,0,0
WED ME 615,Facilitating More Equitable Mathematics Discussions,0,0,0,0,0,0,0,0,0,0,0,0,0,0,0,0,0,0,0,0,0
WED ME 701,Epistemologies and Theories of Learning in Mathematics and Science Education,0,0,0,0,0,0,0,0,0,0,0,0,0,0,0,0,0,0,0,0,0
WED ME 702,Teaching and Teacher Education in Mathematics and Science Education,0,0,0,0,0,0,0,0,0,0,0,0,0,0,0,0,0,0,0,0,0
WED ME 703,Curriculum Research and Theory in Mathematics and Science Education,0,0,0,0,0,0,0,0,0,0,0,0,0,0,0,0,0,0,0,0,0
WED ME 851,Seminar: Mathematics Education,0,0,0,0,0,0,0,0,0,0,0,0,0,0,0,0,0,0,0,0,0
WED PE 103,Introduction to Physical Activity and Movement,0,0,0,0,0,0,0,0,0,0,0,0,0,0,0,0,0,0,0,0,0
WED PE 211,Movement Education: Early Childhood to Adolescence,0,0,0,0,0,0,0,0,0,0,0,0,0,0,0,0,0,0,0,0,0
WED PE 250,Community Leadership through Youth Sport Coaching,0,0,0,0,0,0,0,0,0,0,0,0,0,0,0,0,0,0,0,0,0
WED PE 375,Psychology of Sport,0,0,0,0,0,0,0,0,0,0,0,0,0,0,0,0,0,0,0,0,0
WED PE 500,Universal Design for Working with Youth,0,0,0,0,0,0,0,0,0,0,0,0,0,0,0,0,0,0,0,0,0
WED PE 501,Methods of Coaching,0,0,0,0,0,0,0,0,0,0,0,0,0,0,0,0,0,0,0,0,0
WED PE 505,Motor Learning and Control,0,0,0,0,0,0,0,0,0,0,0,0,0,0,0,0,0,0,0,0,0
WED PE 506,Motor Development: Considerations for Planning Movement,0,0,0,0,0,0,0,0,0,0,0,0,0,0,0,0,0,0,0,0,0
WED PE 513,Practical Applications for PE and HE,0,0,0,0,0,0,0,0,0,0,0,0,0,0,0,0,0,0,0,0,0
WED PE 515,Institute on Physical Fitness,0,0,0,0,0,0,0,0,0,0,0,0,0,0,0,0,0,0,0,0,0
WED PE 519,Corrective and Adaptive Physical Education,0,0,0,0,0,0,0,0,0,0,0,0,0,0,0,0,0,0,0,0,0
WED PE 525,"PE Safety, Law, and Risk Management",0,0,0,0,0,0,0,0,0,0,0,0,0,0,0,0,0,0,0,0,0
WED PE 529,The Psychology of Coaching Teams,0,0,0,0,0,0,0,0,0,0,0,0,0,0,0,0,0,0,0,0,0
WED PE 580,"Student Teaching Practicum: Physical Education, Pre-K-8",0,0,0,0,0,0,0,0,0,0,0,0,0,0,0,0,0,0,0,0,0
WED PE 581,"Student Teaching Half Practicum: Physical Education, Pre-K-8",0,0,0,0,0,0,0,0,0,0,0,0,0,0,0,0,0,0,0,0,0
WED PE 582,Student Teaching Practicum: Physical Education 5-12,0,0,0,0,0,0,0,0,0,0,0,0,0,0,0,0,0,0,0,0,0
WED PE 583,"Student Teaching Half Practicum: Physical Education, 5-12",0,0,0,0,0,0,0,0,0,0,0,0,0,0,0,0,0,0,0,0,0
WED PE 705,Analysis of Teaching Movement,0,0,0,0,0,0,0,0,0,0,0,0,0,0,0,0,0,0,0,0,0
WED PE 710,Sport Theory and Social Systems,0,0,0,0,0,0,0,0,0,0,0,0,0,0,0,0,0,0,0,0,0
WED RS 600,Introduction to Research,0,0,0,0,0,0,0,0,0,0,0,0,0,0,0,0,0,0,0,0,0
WED RS 615,Understanding and Applying Research,0,0,0,0,0,0,0,0,0,0,0,0,0,0,0,0,0,0,0,0,0
WED RS 630,Research for Equity and Social Justice,0,0,0,0,0,0,0,0,0,0,0,0,0,0,0,0,0,0,0,0,0
WED RS 652,Qualitative Research Methods,0,0,0,0,0,0,0,0,0,0,0,0,0,0,0,0,0,0,0,0,0
WED RS 653,Quantitative Research Methods,0,0,0,0,0,0,0,0,0,0,0,0,0,0,0,0,0,0,0,0,0
WED RS 654,Educational Inquiry and Proposal Writing,0,0,0,0,0,0,0,0,0,0,0,0,0,0,0,0,0,0,0,0,0
WED RS 655,Mixed Methods Research,0,0,0,0,0,0,0,0,0,0,0,0,0,0,0,0,0,0,0,0,0
WED RS 699,Research Apprenticeship,0,0,0,0,0,0,0,0,0,0,0,0,0,0,0,0,0,0,0,0,0
WED RS 750,Advanced Research Seminar,0,0,0,0,0,0,0,0,0,0,0,0,0,0,0,0,0,0,0,0,0
WED RS 751,Program Evaluation,0,0,0,0,0,0,0,0,0,0,0,0,0,0,0,0,0,0,0,0,0
WED RS 752,Seminar in Qualitative Research,0,0,0,0,0,0,0,0,0,0,0,0,0,0,0,0,0,0,0,0,0
WED RS 753,Causal Design in Education Research,0,0,0,0,0,0,0,0,0,0,0,0,0,0,0,0,0,0,0,0,0
WED RS 755,PSYCHOMETRICS,0,0,0,0,0,0,0,0,0,0,0,0,0,0,0,0,0,0,0,0,0
WED RS 900,Ind Study,0,0,0,0,0,0,0,0,0,0,0,0,0,0,0,0,0,0,0,0,0
WED SC 375,Exploring Science Teaching: A Practical Experience,0,0,0,0,0,0,0,0,0,0,0,0,0,0,0,0,0,0,0,0,0
WED SC 507,"Student-Teaching Half Practicum: Science, 5-8",0,0,0,0,0,0,0,0,0,0,0,0,0,0,0,0,0,0,0,0,0
WED SC 508,"Student-Teaching Half Practicum: Science, 8-12",0,0,0,0,0,0,0,0,0,0,0,0,0,0,0,0,0,0,0,0,0
WED SC 509,"Student-Teaching Practicum: Science, 5-8",0,0,0,0,0,0,0,0,0,0,0,0,0,0,0,0,0,0,0,0,0
WED SC 510,"Student-Teaching Practicum: Science, 8-12",0,0,0,0,0,0,0,0,0,0,0,0,0,0,0,0,0,0,0,0,0
WED SC 521,Introduction to STEM Education Theory and Practice,0,0,0,0,0,0,0,0,0,1,0,0,0,0,0,0,0,0,0,0,0
WED SC 539,Introduction to the History and Philosophy of Science for Science Educators,0,0,0,0,0,0,0,0,0,0,0,0,0,0,0,0,0,0,0,0,0
WED SC 570,Science Teaching Methods I,0,0,0,0,0,0,0,0,0,0,0,0,0,0,0,0,0,0,0,0,0
WED SC 572,Science Methods II: Teaching in the Science Disciplines,0,0,0,0,0,0,0,0,0,0,0,0,0,0,0,0,0,0,0,0,0
WED SC 575,Foundations of Science Education,0,0,0,0,0,0,0,0,0,0,0,0,0,0,0,0,0,0,0,0,0
WED SC 576,Science Teaching Pre-Practicum,0,0,0,0,0,0,0,0,0,0,0,0,0,0,0,0,0,0,0,0,0
WED SC 645,Institutional Racism in Health and Science,0,0,0,0,0,0,0,0,0,0,0,0,0,0,0,0,0,0,0,0,0
WED SE 250,"Disability, Education, and Public Policy",0,0,0,0,0,0,0,0,0,1,0,1,0,0,0,0,0,0,0,0,0
WED SE 315,Field Experience in Special Education: Severe Disabilities,0,0,0,0,0,0,0,0,0,0,0,0,0,0,0,0,0,0,0,0,0
WED SE 317,Fieldwork in Special Education: Autism,0,0,0,0,0,0,0,0,0,0,0,0,0,0,0,0,0,0,0,0,0
WED SE 500,Directed Study,0,0,0,0,0,0,0,0,0,0,0,0,0,0,0,0,0,0,0,0,0
WED SE 502,Behavioral and Emotional Problems: Characteristics and Methods,0,0,0,0,0,0,0,0,0,0,0,0,0,0,0,0,0,0,0,0,0
WED SE 503,"Learning Disabilities and Dyslexia: Assessment, Instruction, and Identification",0,0,0,0,0,0,0,0,0,0,0,0,0,0,0,0,0,0,0,0,0
WED SE 504,Early Childhood Special Education: Policy and Practice,0,0,0,0,0,0,0,0,0,0,0,0,0,0,0,0,0,0,0,0,0
WED SE 505,Self-Determined Transition Planning for Youth with Disabilities,0,0,0,0,0,0,0,0,0,0,0,0,0,0,0,0,0,0,0,0,0
WED SE 507,Inclusive Pedagogy for Modified Curriculum 1,0,0,0,0,0,0,0,0,0,0,0,0,0,0,0,0,0,0,0,0,0
WED SE 508,Inclusive Pedagogy for Modified Curriculum 2,0,0,0,0,0,0,0,0,0,0,0,0,0,0,0,0,0,0,0,0,0
WED SE 510,Special Education: Curriculum and Instruction,0,0,0,0,0,0,0,0,0,0,0,0,0,0,0,0,0,0,0,0,0
WED SE 515,Assessment and Eligibility in Special Education,0,0,0,0,0,0,0,0,0,0,0,0,0,0,0,0,0,0,0,0,0
WED SE 533,The Families of Children with Disabilities,0,0,0,0,0,0,0,0,0,0,0,0,0,0,0,0,0,0,0,0,0
WED SE 534,Classroom and Behavior Management,0,0,0,0,0,0,0,0,0,0,0,0,0,0,0,0,0,0,0,0,0
WED SE 535,Understanding Autism,0,0,0,0,0,0,0,0,0,0,0,0,0,0,0,0,0,0,0,0,0
WED SE 536,Assessment and Instruction of Students with Autism Spectrum Disorder,0,0,0,0,0,0,0,0,0,0,0,0,0,0,0,0,0,0,0,0,0
WED SE 537,Assistive Technology,0,0,0,0,0,0,0,0,0,0,0,0,0,0,0,0,0,0,0,0,0
WED SE 572,Culturally Relevant Approaches to Positive Behavioral Supports,0,0,0,0,0,0,0,0,0,0,0,0,0,0,0,0,0,0,0,0,0
WED SE 580,Instructional Methods for Teaching Foundational Literacy Skills,0,0,0,0,0,0,0,0,0,0,0,0,0,0,0,0,0,0,0,0,0
WED SE 584,Inclusive Pedagogy: Foundations,0,0,0,0,0,0,0,0,0,0,0,0,0,0,0,0,0,0,0,0,0
WED SE 593,Practicum/Practicum Equivalent: Moderate Disabilities Licensure Tracks,0,0,0,0,0,0,0,0,0,0,0,0,0,0,0,0,0,0,0,0,0
WED SE 594,"Practicum/Practicum Equivalent: Students with Moderate Disabilities, 5-12",0,0,0,0,0,0,0,0,0,0,0,0,0,0,0,0,0,0,0,0,0
WED SE 595,Practicum/Practicum Equivalent: Severe Disabilities Licensure Tracks,0,0,0,0,0,0,0,0,0,0,0,0,0,0,0,0,0,0,0,0,0
WED SE 596,Practicum with Students with Autism Spectrum Disorder,0,0,0,0,0,0,0,0,0,0,0,0,0,0,0,0,0,0,0,0,0
WED SE 597,Practicum for Teaching Professionals-Moderate PreK - 8,0,0,0,0,0,0,0,0,0,0,0,0,0,0,0,0,0,0,0,0,0
WED SE 598,Practicum for Teaching Professionals-Moderate 5-12,0,0,0,0,0,0,0,0,0,0,0,0,0,0,0,0,0,0,0,0,0
WED SE 601,Collaborative Approaches to Individualized Education Programming,0,0,0,0,0,0,0,0,0,0,0,0,0,0,0,0,0,0,0,0,0
WED SE 613,Special Education Fieldwork,0,0,0,0,0,0,0,0,0,0,0,0,0,0,0,0,0,0,0,0,0
WED SE 615,Special Education Fieldwork Seminar: Applying Inclusive Pedagogy,0,0,0,0,0,0,0,0,0,0,0,0,0,0,0,0,0,0,0,0,0
WED SE 650,Protecting Children¿s Well-Being: Understanding through Ecological Systems Theory,0,0,0,0,0,0,0,0,0,0,0,0,0,0,0,0,0,0,0,0,0
WED SE 693,Practicum in Disabilities Studies,0,0,0,0,0,0,0,0,0,0,0,0,0,0,0,0,0,0,0,0,0
WED SE 702,Clinical Practice:Special Education Administration,0,0,0,0,0,0,0,0,0,0,0,0,0,0,0,0,0,0,0,0,0
WED SE 706,"Disability, Education, & Society",0,0,0,0,0,0,0,0,0,0,0,0,0,0,0,0,0,0,0,0,0
WED SE 744,School Administration and Special Needs,0,0,0,0,0,0,0,0,0,0,0,0,0,0,0,0,0,0,0,0,0
WED SE 751,Assessment in Special Education: Procedures,0,0,0,0,0,0,0,0,0,0,0,0,0,0,0,0,0,0,0,0,0
WED SE 805,Research Work in Special Education,0,0,0,0,0,0,0,0,0,0,0,0,0,0,0,0,0,0,0,0,0
WED SE 807,Field Experience,0,0,0,0,0,0,0,0,0,0,0,0,0,0,0,0,0,0,0,0,0
WED SE 900,Independent Study,0,0,0,0,0,0,0,0,0,0,0,0,0,0,0,0,0,0,0,0,0
WED SE 999,Dissertation Advisement,0,0,0,0,0,0,0,0,0,0,0,0,0,0,0,0,0,0,0,0,0
WED SO 509,Student-Teaching Practicum: History and Social Science 5-8,0,0,0,0,0,0,0,0,0,0,0,0,0,0,0,0,0,0,0,0,0
WED SO 510,"Student-Teaching Practicum: History and Social Science, 8-12",0,0,0,0,0,0,0,0,0,0,0,0,0,0,0,0,0,0,0,0,0
WED SO 520,Project Citizen: Promoting Civic Engagement,0,0,0,0,0,0,0,0,0,0,0,0,0,0,0,0,0,0,0,0,0
WED SO 566,Teaching Critical Historical Inquiry,0,0,0,0,0,0,0,0,0,0,0,0,0,0,0,0,0,0,0,0,0
WED SO 567,History Laboratory,0,0,0,0,0,0,0,0,0,0,0,0,0,0,0,0,0,0,0,0,0
WED SO 571,"Curriculum & Special Methods for History & Social Sciences, 5-12",0,0,0,0,0,0,0,0,0,0,0,1,0,0,0,0,1,0,0,1,0
WED SO 574,Pre-practicum in Social Studies,0,0,0,0,0,0,0,0,0,0,0,0,0,0,0,0,0,0,0,0,0
WED SO 578,Teaching Media Literacy,0,0,0,0,0,0,0,0,0,0,0,0,0,0,0,0,0,0,0,0,0
WED SO 930,Doctoral Seminar: The Nature of Social Studies Education,0,0,0,0,0,0,0,0,0,0,0,0,0,0,0,0,0,0,0,0,0
WED SO 933,Doctoral Seminar in History Education,0,0,0,0,0,0,0,0,0,0,0,0,0,0,0,0,0,0,0,0,0
WED SO 935,Advanced Doctoral Seminar in Civic Education and Engagement,0,0,0,0,0,0,0,0,0,0,0,0,0,0,0,0,0,0,0,0,0
WED TL 508,"Methods of Teaching English as a Second Language (ESL), 5-12",0,0,0,0,0,0,0,0,0,0,0,0,0,0,0,0,0,0,0,0,0
WED TL 509,Foundations of Teaching English to Speakers of Other Languages (TESOL) Pedagogy,0,0,0,0,0,0,0,0,0,0,0,0,0,0,0,0,0,0,0,0,0
WED TL 512,Introduction to Computer-Assisted Language Learning (CALL),0,0,0,0,0,0,0,0,0,0,0,0,0,0,0,0,0,0,0,0,0
WED TL 520,Teaching English Language Learners,0,0,0,0,0,0,0,0,0,0,0,0,0,0,0,0,0,0,0,0,0
WED TL 525,Teaching English Language Learners in Middle/High Schools,0,0,0,0,0,0,0,0,0,0,0,0,0,0,0,0,0,0,0,0,0
WED TL 530,School Leadership: English Language Learners,0,0,0,0,0,0,0,0,0,0,0,0,0,0,0,0,0,0,0,0,0
WED TL 613,Student Teaching Practicum and Seminar,0,0,0,0,0,0,0,0,0,0,0,0,0,0,0,0,0,0,0,0,0
WED TL 622,Assessment for Language Teaching and Research,0,0,0,0,0,0,0,0,0,0,0,0,0,0,0,0,0,0,0,0,0
WED TL 635,Introduction to Language Program Management,0,0,0,0,0,0,0,0,0,0,0,0,0,0,0,0,0,0,0,0,0
WED TL 835,Advanced Seminar in TESOL Pedagogy,0,0,0,0,0,0,0,0,0,0,0,0,0,0,0,0,0,0,0,0,0
WED WL 503,Pre-Practicum in World Language Education,0,0,0,0,0,0,0,0,0,0,0,0,0,0,0,0,0,0,0,0,0
WED WL 504,Student Teaching Seminar in World Language Education,0,0,0,0,0,0,0,0,0,0,0,0,0,0,0,0,0,0,0,0,0
WED WL 511,Teaching Methods in World Language Education,0,0,0,0,0,0,0,0,0,0,0,0,0,0,0,1,1,0,0,1,0
WED WL 512,Curriculum & Assessment in World Language Education,0,0,0,0,0,0,0,0,0,0,0,0,0,0,0,0,0,0,0,0,0
WED WL 513,Input & Interaction in the World Language Classroom,0,0,0,0,0,0,0,0,0,0,0,0,0,0,0,0,0,0,0,0,0
WED WL 514,Inclusive Principles & Practices in World Language Education,0,0,0,0,0,0,0,0,0,0,0,0,0,0,0,0,0,0,0,0,0
WED WL 532,Young Learners in World Language Education,0,0,0,0,0,0,0,0,0,0,0,0,0,0,0,0,0,0,0,0,0
WED WL 541,"Practicum in Arabic as a World Language, PK-6",0,0,0,0,0,0,0,0,0,0,0,0,0,0,0,0,0,0,0,0,0
WED WL 542,"Practicum in Chinese as a World Language, PK-6",0,0,0,0,0,0,0,0,0,0,0,0,0,0,0,0,0,0,0,0,0
WED WL 543,"Practicum in French as a World Language, PK-6",0,0,0,0,0,0,0,0,0,0,0,0,0,0,0,0,0,0,0,0,0
WED WL 544,"Practicum in German as a World Language, PK-6",0,0,0,0,0,0,0,0,0,0,0,0,0,0,0,0,0,0,0,0,0
WED WL 545,"Practicum in Italian as a World Language, PK-6",0,0,0,0,0,0,0,0,0,0,0,0,0,0,0,0,0,0,0,0,0
WED WL 546,"Practicum in Japanese as a World Language, PK-6",0,0,0,0,0,0,0,0,0,0,0,0,0,0,0,0,0,0,0,0,0
WED WL 547,"Practicum in Portuguese as a World Language, PK-6",0,0,0,0,0,0,0,0,0,0,0,0,0,0,0,0,0,0,0,0,0
WED WL 548,"Practicum in Spanish as a World Language, PK-6",0,0,0,0,0,0,0,0,0,0,0,0,0,0,0,0,0,0,0,0,0
WED WL 549,"Practicum in Russian as a World Language, PK-6",0,0,0,0,0,0,0,0,0,0,0,0,0,0,0,0,0,0,0,0,0
WED WL 551,"Practicum in Arabic as a World Language, 5-12",0,0,0,0,0,0,0,0,0,0,0,0,0,0,0,0,0,0,0,0,0
WED WL 552,"Practicum in Chinese as a World Language, 5-12",0,0,0,0,0,0,0,0,0,0,0,0,0,0,0,0,0,0,0,0,0
WED WL 553,"Practicum in French as a World Language, 5-12",0,0,0,0,0,0,0,0,0,0,0,0,0,0,0,0,0,0,0,0,0
WED WL 554,"Practicum in German as a World Language, 5-12",0,0,0,0,0,0,0,0,0,0,0,0,0,0,0,0,0,0,0,0,0
WED WL 555,"Practicum in Italian as a World Language, 5-12",0,0,0,0,0,0,0,0,0,0,0,0,0,0,0,0,0,0,0,0,0
WED WL 556,"Practicum in Japanese as a World Language, 5-12",0,0,0,0,0,0,0,0,0,0,0,0,0,0,0,0,0,0,0,0,0
WED WL 557,"Practicum in Portuguese as a World Language, 5-12",0,0,0,0,0,0,0,0,0,0,0,0,0,0,0,0,0,0,0,0,0
WED WL 558,"Practicum in Spanish as a World Language, 5-12",0,0,0,0,0,0,0,0,0,0,0,0,0,0,0,0,0,0,0,0,0
WED WL 559,"Practicum in Russian as a World Language, 5-12",0,0,0,0,0,0,0,0,0,0,0,0,0,0,0,0,0,0,0,0,0
WED WL 586,Practicum in World Language Education,0,0,0,0,0,0,0,0,0,0,0,0,0,0,0,0,0,0,0,0,0
WED WL 604,Field Experience Seminar in World Languages,0,0,0,0,0,0,0,0,0,0,0,0,0,0,0,0,0,0,0,0,0
WED WL 686,Field Experience in World Languages,0,0,0,0,0,0,0,0,0,0,0,0,0,0,0,0,0,0,0,0,0
WED YJ 201,Intro to Youth Justice & Delinquency,0,0,0,0,0,0,0,0,0,0,0,1,0,0,0,1,0,0,0,0,0
WED YJ 301,Juvenile Courts and Juvenile Law,0,0,0,0,0,0,0,0,0,0,0,0,0,0,0,0,0,0,0,0,0
WED YJ 302,Delinquency: Causes Prevention and Intervention,0,0,0,0,0,0,0,0,0,0,0,0,0,0,0,0,0,0,0,0,0
WED YJ 360,Positive Youth Development,0,0,0,0,1,0,0,0,0,0,0,0,0,0,0,1,0,0,0,0,0
WED YJ 380,Youthwork & Advocacy,0,0,0,0,0,0,0,0,0,0,0,0,0,0,0,0,0,0,0,0,0
WED YJ 401,Practicum in YJA,0,0,0,0,0,0,0,0,0,0,0,0,0,0,0,0,0,0,0,0,0
WED YJ 403,Senior Integrative Capstone in YJA,0,0,0,0,0,0,0,0,0,0,0,0,0,0,0,0,0,0,0,0,0
WED YJ 404,Practice Seminar in YJA,0,0,0,0,0,0,0,0,0,0,0,0,0,0,0,0,0,0,0,0,0
